<?xml version="1.0" encoding="utf-8" ?><dwsync><file name="animate.css" server="ftp.digworx.com/public_html/digworx_2/" local="3555344983" remote="3556212659" Dst="-1" /><file name="hamburger.css" server="ftp.digworx.com/public_html/digworx_2/" local="3563987859" remote="3563990758" Dst="-1" /><file name="main.css" server="ftp.digworx.com/public_html/digworx_2/" local="3567603634" remote="3567604798" Dst="-1" /><file name="normalize.css" server="ftp.digworx.com/public_html/digworx_2/" local="3556242784" remote="3556287299" Dst="-1" /><file name=".DS_Store" server="ftp.digworx.com/public_html/digworx_2/" local="3556240642" remote="3556287298" Dst="-1" /><file name="flexslider.css" server="ftp.digworx.com/public_html/digworx_2/" local="3564506412" remote="3567448974" Dst="-1" /><file name=".DS_Store" server="ftp.digworx.com/public_html/" local="3570549934" remote="3570550090" Dst="-1" /><file name="animate.css" server="ftp.digworx.com/public_html/" local="3569505238" remote="3570550091" Dst="-1" /><file name="flexslider.css" server="ftp.digworx.com/public_html/" local="3564506412" remote="3570550091" Dst="-1" /><file name="hamburger.css" server="ftp.digworx.com/public_html/" local="3563987859" remote="3570550091" Dst="-1" /><file name="main.css" server="ftp.digworx.com/public_html/" local="3572013053" remote="3572013669" Dst="-1" /><file name="normalize.css" server="ftp.digworx.com/public_html/" local="3556242784" remote="3570550092" Dst="-1" /><file name="awwwards.css" server="ftp.digworx.com/public_html/" local="3571145452" remote="3571145502" Dst="-1" /></dwsync>