<?xml version="1.0" encoding="utf-8" ?><dwsync><file name=".DS_Store" server="ftp.digworx.com/public_html/digworx_2/" local="3563819641" remote="3563904041" Dst="-1" /><file name="chili_728x90_CS6.html" server="ftp.digworx.com/public_html/digworx_2/" local="3563902036" remote="3563904041" Dst="-1" /><file name="chili_728x90_CS6.swf" server="ftp.digworx.com/public_html/digworx_2/" local="3563221994" remote="3563904042" Dst="-1" /><file name="happy_awareness_728x90_CS6.html" server="ftp.digworx.com/public_html/digworx_2/" local="3563903229" remote="3563904042" Dst="-1" /><file name="happy_awareness_728x90_CS6.swf" server="ftp.digworx.com/public_html/digworx_2/" local="3563222588" remote="3563904042" Dst="-1" /><file name="happy_food_beer_728x90_CS6.html" server="ftp.digworx.com/public_html/digworx_2/" local="3563901577" remote="3563904042" Dst="-1" /><file name="happy_food_beer_728x90_CS6.swf" server="ftp.digworx.com/public_html/digworx_2/" local="3563221133" remote="3563904043" Dst="-1" /><file name="happy_food_forward_728x90_CS6.html" server="ftp.digworx.com/public_html/digworx_2/" local="3563903295" remote="3563904043" Dst="-1" /><file name="happy_food_forward_728x90_CS6.swf" server="ftp.digworx.com/public_html/digworx_2/" local="3563222390" remote="3563904043" Dst="-1" /><file name="meatloaf-sliders_728x90_CS6.html" server="ftp.digworx.com/public_html/digworx_2/" local="3563904754" remote="3563904771" Dst="-1" /><file name="meatloaf-sliders_728x90_CS6.swf" server="ftp.digworx.com/public_html/digworx_2/" local="3563282016" remote="3563904044" Dst="-1" /><file name="pimento_728x90_CS6.html" server="ftp.digworx.com/public_html/digworx_2/" local="3563903861" remote="3563904044" Dst="-1" /><file name="pimento_728x90_CS6.swf" server="ftp.digworx.com/public_html/digworx_2/" local="3526058313" remote="3563904045" Dst="-1" /><file name="wings_728x90_CS6.html" server="ftp.digworx.com/public_html/digworx_2/" local="3563903919" remote="3563904045" Dst="-1" /><file name="wings_728x90_CS6.swf" server="ftp.digworx.com/public_html/digworx_2/" local="3526059300" remote="3563904045" Dst="-1" /><file name=".DS_Store" server="ftp.digworx.com/public_html/" local="3563819641" remote="3570120750" Dst="-1" /><file name="chili_728x90_CS6.html" server="ftp.digworx.com/public_html/" local="3563902036" remote="3570120750" Dst="-1" /><file name="chili_728x90_CS6.swf" server="ftp.digworx.com/public_html/" local="3563221994" remote="3570120751" Dst="-1" /><file name="happy_awareness_728x90_CS6.html" server="ftp.digworx.com/public_html/" local="3563903229" remote="3570120751" Dst="-1" /><file name="happy_awareness_728x90_CS6.swf" server="ftp.digworx.com/public_html/" local="3563222588" remote="3570120751" Dst="-1" /><file name="happy_food_beer_728x90_CS6.html" server="ftp.digworx.com/public_html/" local="3563901577" remote="3570120751" Dst="-1" /><file name="happy_food_beer_728x90_CS6.swf" server="ftp.digworx.com/public_html/" local="3563221133" remote="3570120752" Dst="-1" /><file name="happy_food_forward_728x90_CS6.html" server="ftp.digworx.com/public_html/" local="3563903295" remote="3570120752" Dst="-1" /><file name="happy_food_forward_728x90_CS6.swf" server="ftp.digworx.com/public_html/" local="3563222390" remote="3570120752" Dst="-1" /><file name="meatloaf-sliders_728x90_CS6.html" server="ftp.digworx.com/public_html/" local="3563904754" remote="3570120753" Dst="-1" /><file name="meatloaf-sliders_728x90_CS6.swf" server="ftp.digworx.com/public_html/" local="3563282016" remote="3570120753" Dst="-1" /><file name="pimento_728x90_CS6.html" server="ftp.digworx.com/public_html/" local="3563903861" remote="3570120753" Dst="-1" /><file name="pimento_728x90_CS6.swf" server="ftp.digworx.com/public_html/" local="3526058313" remote="3570120754" Dst="-1" /><file name="Sparkle_300x250.html" server="ftp.digworx.com/public_html/" local="3388406131" remote="3570120754" Dst="-1" /><file name="Sparkle_300x250.swf" server="ftp.digworx.com/public_html/" local="3388406135" remote="3570120754" Dst="-1" /><file name="wings_728x90_CS6.html" server="ftp.digworx.com/public_html/" local="3563903919" remote="3570120755" Dst="-1" /><file name="wings_728x90_CS6.swf" server="ftp.digworx.com/public_html/" local="3526059300" remote="3570120755" Dst="-1" /><file name="en_cabinet_brochure.pdf" server="ftp.digworx.com/public_html/" local="3569948529" remote="3570279742" Dst="-1" /><file name="lab_catalog.pdf" server="ftp.digworx.com/public_html/" local="3569952939" remote="3570279758" Dst="-1" /></dwsync>