<?xml version="1.0" encoding="utf-8" ?><dwsync><file name="index.html" server="ftp.digworx.com/public_html/digworx_2/" local="3567604237" remote="3567604790" Dst="-1" /><file name="favicon.png" server="ftp.digworx.com/public_html/digworx_2/" local="3504724833" remote="3556212661" Dst="-1" /><file name=".DS_Store" server="ftp.digworx.com/public_html/digworx_2/" local="3555609292" remote="3556212653" Dst="-1" /><file name="browserconfig.xml" server="ftp.digworx.com/public_html/digworx_2/" local="3555537994" remote="3556212657" Dst="-1" /><file name="crossdomain.xml" server="ftp.digworx.com/public_html/digworx_2/" local="3555537994" remote="3556212658" Dst="-1" /><file name="humans.txt" server="ftp.digworx.com/public_html/digworx_2/" local="3555537994" remote="3556212661" Dst="-1" /><file name="robots.txt" server="ftp.digworx.com/public_html/digworx_2/" local="3555537994" remote="3556212683" Dst="-1" /><file name="tile-wide.png" server="ftp.digworx.com/public_html/digworx_2/" local="3555537994" remote="3556212683" Dst="-1" /><file name="tile.png" server="ftp.digworx.com/public_html/digworx_2/" local="3555537994" remote="3556212683" Dst="-1" /><file name="contact.html" server="ftp.digworx.com/public_html/digworx_2/" local="3567532273" remote="3567604810" Dst="-1" /><file name="about.html" server="ftp.digworx.com/public_html/digworx_2/" local="3567602362" remote="3567604806" Dst="-1" /><file name="about.html" server="ftp.digworx.com/public_html/" local="3572351641" remote="3572351645" Dst="-1" /><file name="browserconfig.xml" server="ftp.digworx.com/public_html/" local="3555537994" remote="3570120582" Dst="-1" /><file name="contact.html" server="ftp.digworx.com/public_html/" local="3572351706" remote="3572351717" Dst="-1" /><file name="crossdomain.xml" server="ftp.digworx.com/public_html/" local="3555537994" remote="3570120589" Dst="-1" /><file name="favicon.png" server="ftp.digworx.com/public_html/" local="3504724833" remote="3504724833" Dst="-1" /><file name="humans.txt" server="ftp.digworx.com/public_html/" local="3570121409" remote="3570121438" Dst="-1" /><file name="index.html" server="ftp.digworx.com/public_html/" local="3583929611" remote="3583929628" Dst="-1" /><file name="robots.txt" server="ftp.digworx.com/public_html/" local="3570121943" remote="3570121970" Dst="-1" /><file name="tile-wide.png" server="ftp.digworx.com/public_html/" local="3570483011" remote="3570483017" Dst="-1" /><file name="tile.png" server="ftp.digworx.com/public_html/" local="3570482946" remote="3570483017" Dst="-1" /><file name="digworx-touch-icon-new.png" server="ftp.digworx.com/public_html/" local="3570456826" remote="3570459580" Dst="-1" /><file name=".htaccess" server="ftp.digworx.com/public_html/" local="3583929446" remote="3583929487" Dst="-1" /><file name="sitemap.xml" server="ftp.digitalworx.com/public_html/" local="3583933041" remote="3583933277" Dst="-1" /><file name="robots.txt" server="ftp.digitalworx.com/public_html/" local="3584788975" remote="3584788989" Dst="-1" /><file name=".htaccess" server="ftp.digitalworx.com/public_html/" local="3584383787" remote="3584383801" Dst="-1" /><file name="index.html" server="ftp.digitalworx.com/public_html/" local="3589375332" remote="3589375335" Dst="-1" /><file name="about.html" server="ftp.digitalworx.com/public_html/" local="3589373528" remote="3589373529" Dst="-1" /><file name="contact.html" server="ftp.digitalworx.com/public_html/" local="3589371313" remote="3589373533" Dst="-1" /></dwsync>