<?xml version="1.0" encoding="utf-8" ?><dwsync><file name=".DS_Store" server="ftp.digworx.com/public_html/digworx_2/" local="3563562338" remote="3564154446" Dst="-1" /><file name="bg_play_pause.png" server="ftp.digworx.com/public_html/digworx_2/" local="3556084940" remote="3557176307" Dst="-1" /><file name="digworx-logo.png" server="ftp.digworx.com/public_html/digworx_2/" local="3555606160" remote="3557176307" Dst="-1" /><file name="digworx_down.png" server="ftp.digworx.com/public_html/digworx_2/" local="3498595035" remote="3557176307" Dst="-1" /><file name="footer_image.jpg" server="ftp.digworx.com/public_html/digworx_2/" local="3557166052" remote="3557176308" Dst="-1" /><file name="footer_image_1600.jpg" server="ftp.digworx.com/public_html/digworx_2/" local="3557227775" remote="3557401219" Dst="-1" /><file name="fresh.jpg" server="ftp.digworx.com/public_html/digworx_2/" local="3558111371" remote="3562675829" Dst="-1" /><file name="gray.jpg" server="ftp.digworx.com/public_html/digworx_2/" local="3556240954" remote="3557176310" Dst="-1" /><file name="harley.jpg" server="ftp.digworx.com/public_html/digworx_2/" local="3556304025" remote="3557176310" Dst="-1" /><file name="harley_work.jpg" server="ftp.digworx.com/public_html/digworx_2/" local="3556823776" remote="3557176311" Dst="-1" /><file name="harley_work_800.jpg" server="ftp.digworx.com/public_html/digworx_2/" local="3556904942" remote="3557176311" Dst="-1" /><file name="iloveins_work.jpg" server="ftp.digworx.com/public_html/digworx_2/" local="3556820822" remote="3557176312" Dst="-1" /><file name="iloveins_work_800.jpg" server="ftp.digworx.com/public_html/digworx_2/" local="3556904957" remote="3557176313" Dst="-1" /><file name="iloveinsurance.jpg" server="ftp.digworx.com/public_html/digworx_2/" local="3556364801" remote="3557176313" Dst="-1" /><file name="red.jpg" server="ftp.digworx.com/public_html/digworx_2/" local="3556240971" remote="3557176314" Dst="-1" /><file name="digworx_logo_K.png" server="ftp.digworx.com/public_html/digworx_2/" local="3557228403" remote="3557401219" Dst="-1" /><file name="iloveins_mini.jpg" server="ftp.digworx.com/public_html/digworx_2/" local="3557508996" remote="3557750329" Dst="-1" /><file name="All-Terrain-Berm-Setup.jpg" server="ftp.digworx.com/public_html/digworx_2/" local="3557508311" remote="3557508791" Dst="-1" /><file name="bci_banner.jpg" server="ftp.digworx.com/public_html/digworx_2/" local="3557855875" remote="3557856097" Dst="-1" /><file name="iloveins_mini_sml.jpg" server="ftp.digworx.com/public_html/digworx_2/" local="3557854092" remote="3557854178" Dst="-1" /><file name="fresh_sml.jpg" server="ftp.digworx.com/public_html/digworx_2/" local="3557854452" remote="3557854540" Dst="-1" /><file name="harley_sml.jpg" server="ftp.digworx.com/public_html/digworx_2/" local="3557854681" remote="3557854802" Dst="-1" /><file name="bci_banner_sml.jpg" server="ftp.digworx.com/public_html/digworx_2/" local="3557855952" remote="3557856097" Dst="-1" /><file name="apa_plan4health.jpg" server="ftp.digworx.com/public_html/digworx_2/" local="3562185572" remote="3562675826" Dst="-1" /><file name="bci_800.jpg" server="ftp.digworx.com/public_html/digworx_2/" local="3562270420" remote="3562675827" Dst="-1" /><file name="bci_800_alt.jpg" server="ftp.digworx.com/public_html/digworx_2/" local="3562676350" remote="3564154446" Dst="-1" /><file name="domitor_800.jpg" server="ftp.digworx.com/public_html/digworx_2/" local="3562250291" remote="3562675828" Dst="-1" /><file name="happy_800.jpg" server="ftp.digworx.com/public_html/digworx_2/" local="3562251318" remote="3562675829" Dst="-1" /><file name="plan4health800.jpg" server="ftp.digworx.com/public_html/digworx_2/" local="3562182162" remote="3562675830" Dst="-1" /><file name="wob_banner.jpg" server="ftp.digworx.com/public_html/digworx_2/" local="3563559538" remote="3563904031" Dst="-1" /><file name="wob_chili.jpg" server="ftp.digworx.com/public_html/digworx_2/" local="3563801259" remote="3563904031" Dst="-1" /><file name="wob_fall_plates.jpg" server="ftp.digworx.com/public_html/digworx_2/" local="3563801281" remote="3563904032" Dst="-1" /><file name="wob_happy_aware.jpg" server="ftp.digworx.com/public_html/digworx_2/" local="3563801286" remote="3563904032" Dst="-1" /><file name="wob_happy_food.jpg" server="ftp.digworx.com/public_html/digworx_2/" local="3563801276" remote="3563904032" Dst="-1" /><file name="wob_happy_food_forward.jpg" server="ftp.digworx.com/public_html/digworx_2/" local="3563801268" remote="3563904033" Dst="-1" /><file name="wob_meatloaf.jpg" server="ftp.digworx.com/public_html/digworx_2/" local="3563801290" remote="3563904033" Dst="-1" /><file name="wob_pimento.jpg" server="ftp.digworx.com/public_html/digworx_2/" local="3563801295" remote="3563904034" Dst="-1" /><file name="wob_wings.jpg" server="ftp.digworx.com/public_html/digworx_2/" local="3563801207" remote="3563904034" Dst="-1" /><file name="evanston.png" server="ftp.digworx.com/public_html/digworx_2/" local="3564584923" remote="3567449077" Dst="-1" /><file name="monty.png" server="ftp.digworx.com/public_html/digworx_2/" local="3564576547" remote="3567449117" Dst="-1" /><file name="about_banner.jpg" server="ftp.digworx.com/public_html/digworx_2/" local="3567555024" remote="3567604846" Dst="-1" /><file name="contact_banner.jpg" server="ftp.digworx.com/public_html/digworx_2/" local="3567555109" remote="3567604849" Dst="-1" /><file name="eric_bio_pic.png" server="ftp.digworx.com/public_html/digworx_2/" local="3564579038" remote="3567449062" Dst="-1" /><file name="evanston.jpg" server="ftp.digworx.com/public_html/digworx_2/" local="3564584997" remote="3567449068" Dst="-1" /><file name="hd_sample_1.jpg" server="ftp.digworx.com/public_html/digworx_2/" local="3564599599" remote="3567449094" Dst="-1" /><file name="hd_sample_2.jpg" server="ftp.digworx.com/public_html/digworx_2/" local="3564600010" remote="3567449110" Dst="-1" /><file name="hd_sample_3.jpg" server="ftp.digworx.com/public_html/digworx_2/" local="3564602019" remote="3567449116" Dst="-1" /><file name="hd_sample_4.jpg" server="ftp.digworx.com/public_html/digworx_2/" local="3564602078" remote="3567449116" Dst="-1" /><file name="hd_sample_5.jpg" server="ftp.digworx.com/public_html/digworx_2/" local="3564602328" remote="3567449117" Dst="-1" /><file name="monty_bio_pic.png" server="ftp.digworx.com/public_html/digworx_2/" local="3564579952" remote="3567449117" Dst="-1" /><file name="apa_banner.jpg" server="ftp.digworx.com/public_html/digworx_2/" local="3567556362" remote="3567604848" Dst="-1" /><file name="domitor_banner.jpg" server="ftp.digworx.com/public_html/digworx_2/" local="3567560448" remote="3567604850" Dst="-1" /><file name="domitor_banner_sml.jpg" server="ftp.digworx.com/public_html/digworx_2/" local="3567560922" remote="3567604850" Dst="-1" /><file name="fresh_banner.jpg" server="ftp.digworx.com/public_html/digworx_2/" local="3567557190" remote="3567604851" Dst="-1" /><file name="fresh_banner_sml.jpg" server="ftp.digworx.com/public_html/digworx_2/" local="3567560106" remote="3567604851" Dst="-1" /><file name=".DS_Store" server="ftp.digworx.com/public_html/" local="3569953081" remote="3570544720" Dst="-1" /><file name="about_banner.jpg" server="ftp.digworx.com/public_html/" local="3571931647" remote="3571931657" Dst="-1" /><file name="All-Terrain-Berm-Setup.jpg" server="ftp.digworx.com/public_html/" local="3557508311" remote="3570545242" Dst="-1" /><file name="apa_banner.jpg" server="ftp.digworx.com/public_html/" local="3570622014" remote="3570622026" Dst="-1" /><file name="apa_banner_sml.jpg" server="ftp.digworx.com/public_html/" local="3570622433" remote="3570622443" Dst="-1" /><file name="apa_home_concept.jpg" server="ftp.digworx.com/public_html/" local="3567610254" remote="3570545244" Dst="-1" /><file name="apa_home_concept_fx.jpg" server="ftp.digworx.com/public_html/" local="3567610277" remote="3570545244" Dst="-1" /><file name="apa_plan4health.jpg" server="ftp.digworx.com/public_html/" local="3570621579" remote="3570621598" Dst="-1" /><file name="apa_work_bnr.jpg" server="ftp.digworx.com/public_html/" local="3570622594" remote="3570622603" Dst="-1" /><file name="approach.png" server="ftp.digworx.com/public_html/" local="3569457234" remote="3570545245" Dst="-1" /><file name="bci_800.jpg" server="ftp.digworx.com/public_html/" local="3570036540" remote="3570545246" Dst="-1" /><file name="bci_800_alt.jpg" server="ftp.digworx.com/public_html/" local="3562676350" remote="3570545246" Dst="-1" /><file name="bci_banner.jpg" server="ftp.digworx.com/public_html/" local="3557855875" remote="3570545246" Dst="-1" /><file name="bci_banner_sml.jpg" server="ftp.digworx.com/public_html/" local="3557855952" remote="3570545247" Dst="-1" /><file name="bci_home_pg_sample.jpg" server="ftp.digworx.com/public_html/" local="3567630474" remote="3570545248" Dst="-1" /><file name="bci_sample_page.jpg" server="ftp.digworx.com/public_html/" local="3567622314" remote="3570545248" Dst="-1" /><file name="bci_work_bnr.jpg" server="ftp.digworx.com/public_html/" local="3567630124" remote="3570545249" Dst="-1" /><file name="bg_play_pause.png" server="ftp.digworx.com/public_html/" local="3556084940" remote="3570545249" Dst="-1" /><file name="capabilities.png" server="ftp.digworx.com/public_html/" local="3569457131" remote="3570545250" Dst="-1" /><file name="contact_banner.jpg" server="ftp.digworx.com/public_html/" local="3571931426" remote="3571931657" Dst="-1" /><file name="converse-work-800.jpg" server="ftp.digworx.com/public_html/" local="3570036102" remote="3570545251" Dst="-1" /><file name="converse_skyscraper.jpg" server="ftp.digworx.com/public_html/" local="3570110526" remote="3570545251" Dst="-1" /><file name="converse_sq.jpg" server="ftp.digworx.com/public_html/" local="3570109827" remote="3570545252" Dst="-1" /><file name="converse_wide.jpg" server="ftp.digworx.com/public_html/" local="3570110509" remote="3570545252" Dst="-1" /><file name="digworx-logo.png" server="ftp.digworx.com/public_html/" local="3555606160" remote="3570545252" Dst="-1" /><file name="digworx_down.png" server="ftp.digworx.com/public_html/" local="3498595035" remote="3570545252" Dst="-1" /><file name="digworx_logo_K.png" server="ftp.digworx.com/public_html/" local="3557228403" remote="3570545253" Dst="-1" /><file name="domitor_800.jpg" server="ftp.digworx.com/public_html/" local="3570541993" remote="3570545253" Dst="-1" /><file name="domitor_banner.jpg" server="ftp.digworx.com/public_html/" local="3571099137" remote="3571100560" Dst="-1" /><file name="domitor_banner_sml.jpg" server="ftp.digworx.com/public_html/" local="3571099205" remote="3571100559" Dst="-1" /><file name="domitor_work_bnr.jpg" server="ftp.digworx.com/public_html/" local="3567606297" remote="3570545255" Dst="-1" /><file name="email_6_2016_Lab2_r1.jpg" server="ftp.digworx.com/public_html/" local="3569611603" remote="3570545255" Dst="-1" /><file name="eric_bio_pic.png" server="ftp.digworx.com/public_html/" local="3564579038" remote="3570545256" Dst="-1" /><file name="evanston.jpg" server="ftp.digworx.com/public_html/" local="3571931955" remote="3571932222" Dst="-1" /><file name="evanston.png" server="ftp.digworx.com/public_html/" local="3568559292" remote="3570545257" Dst="-1" /><file name="footer_image.jpg" server="ftp.digworx.com/public_html/" local="3557166052" remote="3570545258" Dst="-1" /><file name="footer_image_1600.jpg" server="ftp.digworx.com/public_html/" local="3570548523" remote="3570548534" Dst="-1" /><file name="fresh.jpg" server="ftp.digworx.com/public_html/" local="3558111371" remote="3570545259" Dst="-1" /><file name="fresh_banner.jpg" server="ftp.digworx.com/public_html/" local="3570540602" remote="3570545259" Dst="-1" /><file name="fresh_banner_sml.jpg" server="ftp.digworx.com/public_html/" local="3570549300" remote="3570549309" Dst="-1" /><file name="fresh_sml.jpg" server="ftp.digworx.com/public_html/" local="3557854452" remote="3570545259" Dst="-1" /><file name="gray.jpg" server="ftp.digworx.com/public_html/" local="3556240954" remote="3570545260" Dst="-1" /><file name="happy_800.jpg" server="ftp.digworx.com/public_html/" local="3570543837" remote="3570545260" Dst="-1" /><file name="harley.jpg" server="ftp.digworx.com/public_html/" local="3556304025" remote="3570545261" Dst="-1" /><file name="harley_sml.jpg" server="ftp.digworx.com/public_html/" local="3557854681" remote="3570545261" Dst="-1" /><file name="harley_work.jpg" server="ftp.digworx.com/public_html/" local="3556823776" remote="3570545262" Dst="-1" /><file name="harley_work_800.jpg" server="ftp.digworx.com/public_html/" local="3570541262" remote="3570545262" Dst="-1" /><file name="hd_sample_1.jpg" server="ftp.digworx.com/public_html/" local="3564599599" remote="3570545262" Dst="-1" /><file name="hd_sample_2.jpg" server="ftp.digworx.com/public_html/" local="3564600010" remote="3570545263" Dst="-1" /><file name="hd_sample_3.jpg" server="ftp.digworx.com/public_html/" local="3564602019" remote="3570545263" Dst="-1" /><file name="hd_sample_4.jpg" server="ftp.digworx.com/public_html/" local="3564602078" remote="3570545264" Dst="-1" /><file name="hd_sample_5.jpg" server="ftp.digworx.com/public_html/" local="3564602328" remote="3570545264" Dst="-1" /><file name="hilton-work-800.jpg" server="ftp.digworx.com/public_html/" local="3570060096" remote="3570545265" Dst="-1" /><file name="hilton-work-bnr.jpg" server="ftp.digworx.com/public_html/" local="3570060697" remote="3570545265" Dst="-1" /><file name="hilton_email_1.jpg" server="ftp.digworx.com/public_html/" local="3570060432" remote="3570545265" Dst="-1" /><file name="hilton_email_2.jpg" server="ftp.digworx.com/public_html/" local="3570061161" remote="3570545266" Dst="-1" /><file name="iloveins_mini.jpg" server="ftp.digworx.com/public_html/" local="3570725470" remote="3570725486" Dst="-1" /><file name="iloveins_mini_sml.jpg" server="ftp.digworx.com/public_html/" local="3570725541" remote="3570725547" Dst="-1" /><file name="iloveins_work.jpg" server="ftp.digworx.com/public_html/" local="3556820822" remote="3570545267" Dst="-1" /><file name="iloveins_work_800.jpg" server="ftp.digworx.com/public_html/" local="3570543468" remote="3570545267" Dst="-1" /><file name="iloveins_work_bnr.jpg" server="ftp.digworx.com/public_html/" local="3567612096" remote="3570545267" Dst="-1" /><file name="iloveinsurance.jpg" server="ftp.digworx.com/public_html/" local="3556364801" remote="3570545268" Dst="-1" /><file name="justrite-email-cans.jpg" server="ftp.digworx.com/public_html/" local="3569672664" remote="3570545269" Dst="-1" /><file name="justrite-email-lockers.jpg" server="ftp.digworx.com/public_html/" local="3569672602" remote="3570545269" Dst="-1" /><file name="justrite-email-redbook.jpg" server="ftp.digworx.com/public_html/" local="3569672511" remote="3570545270" Dst="-1" /><file name="justrite-work-800.jpg" server="ftp.digworx.com/public_html/" local="3569543865" remote="3570545270" Dst="-1" /><file name="justrite-work-bnr.jpg" server="ftp.digworx.com/public_html/" local="3569609578" remote="3570545270" Dst="-1" /><file name="justrite_en_bro.jpg" server="ftp.digworx.com/public_html/" local="3569940774" remote="3570545271" Dst="-1" /><file name="justrite_full_pg_cruise_ind.jpg" server="ftp.digworx.com/public_html/" local="3569953845" remote="3570545271" Dst="-1" /><file name="justrite_lab_cat.jpg" server="ftp.digworx.com/public_html/" local="3569935331" remote="3570545272" Dst="-1" /><file name="justrite_lab_mgr_ad.jpg" server="ftp.digworx.com/public_html/" local="3569961713" remote="3570545272" Dst="-1" /><file name="mdrt-cds.jpg" server="ftp.digworx.com/public_html/" local="3570640761" remote="3570640782" Dst="-1" /><file name="mdrt-cover-corner.jpg" server="ftp.digworx.com/public_html/" local="3569592674" remote="3570545273" Dst="-1" /><file name="mdrt-cover-spine.jpg" server="ftp.digworx.com/public_html/" local="3569607079" remote="3570545273" Dst="-1" /><file name="mdrt-cover.jpg" server="ftp.digworx.com/public_html/" local="3569606258" remote="3570545274" Dst="-1" /><file name="mdrt-open.jpg" server="ftp.digworx.com/public_html/" local="3569605089" remote="3570545274" Dst="-1" /><file name="mdrt-spine-all.jpg" server="ftp.digworx.com/public_html/" local="3569605946" remote="3570545274" Dst="-1" /><file name="mdrt-spine-work-bnr.jpg" server="ftp.digworx.com/public_html/" local="3569606980" remote="3570545275" Dst="-1" /><file name="mini_driver_side.jpg" server="ftp.digworx.com/public_html/" local="3567621119" remote="3570545275" Dst="-1" /><file name="mini_front.jpg" server="ftp.digworx.com/public_html/" local="3567620861" remote="3570545275" Dst="-1" /><file name="mini_rear.jpg" server="ftp.digworx.com/public_html/" local="3567621045" remote="3570545276" Dst="-1" /><file name="monty.png" server="ftp.digworx.com/public_html/" local="3564576547" remote="3570545276" Dst="-1" /><file name="monty_bio_pic.png" server="ftp.digworx.com/public_html/" local="3564579952" remote="3570545276" Dst="-1" /><file name="newark-des-center-smple.jpg" server="ftp.digworx.com/public_html/" local="3570045401" remote="3570545277" Dst="-1" /><file name="newark-des-services-smple.jpg" server="ftp.digworx.com/public_html/" local="3570045978" remote="3570545279" Dst="-1" /><file name="newark-work-bnr.jpg" server="ftp.digworx.com/public_html/" local="3570038160" remote="3570545280" Dst="-1" /><file name="newark_800.jpg" server="ftp.digworx.com/public_html/" local="3569529266" remote="3570545280" Dst="-1" /><file name="painpoints-hero-insurance-logos.png" server="ftp.digworx.com/public_html/" local="3568214287" remote="3570545280" Dst="-1" /><file name="plan4health800.jpg" server="ftp.digworx.com/public_html/" local="3562182162" remote="3570545280" Dst="-1" /><file name="red.jpg" server="ftp.digworx.com/public_html/" local="3556240971" remote="3570545281" Dst="-1" /><file name="rt-banner-sml.jpg" server="ftp.digworx.com/public_html/" local="3569510727" remote="3570545281" Dst="-1" /><file name="rt-stars-pool_800.jpg" server="ftp.digworx.com/public_html/" local="3570548361" remote="3570548372" Dst="-1" /><file name="rt_banner.jpg" server="ftp.digworx.com/public_html/" local="3568760887" remote="3570545282" Dst="-1" /><file name="rt_work_bnr.jpg" server="ftp.digworx.com/public_html/" local="3568656286" remote="3570545283" Dst="-1" /><file name="US_Chem_120x600.jpg" server="ftp.digworx.com/public_html/" local="3489675802" remote="3570545283" Dst="-1" /><file name="US_Chem_160x600.jpg" server="ftp.digworx.com/public_html/" local="3489675802" remote="3570545283" Dst="-1" /><file name="US_Chem_200x200.jpg" server="ftp.digworx.com/public_html/" local="3489675802" remote="3570545284" Dst="-1" /><file name="US_Chem_250x250.jpg" server="ftp.digworx.com/public_html/" local="3489675941" remote="3570545284" Dst="-1" /><file name="US_Chem_300x250.jpg" server="ftp.digworx.com/public_html/" local="3489675803" remote="3570545284" Dst="-1" /><file name="US_Chem_300x600.jpg" server="ftp.digworx.com/public_html/" local="3489675803" remote="3570545284" Dst="-1" /><file name="US_Chem_320x50.jpg" server="ftp.digworx.com/public_html/" local="3489760600" remote="3570545285" Dst="-1" /><file name="US_Chem_336x280.jpg" server="ftp.digworx.com/public_html/" local="3489675804" remote="3570545285" Dst="-1" /><file name="US_Chem_468x60.jpg" server="ftp.digworx.com/public_html/" local="3489675804" remote="3570545285" Dst="-1" /><file name="US_Chem_728x90.jpg" server="ftp.digworx.com/public_html/" local="3489675804" remote="3570545286" Dst="-1" /><file name="values.png" server="ftp.digworx.com/public_html/" local="3569457253" remote="3570545286" Dst="-1" /><file name="wob_banner.jpg" server="ftp.digworx.com/public_html/" local="3563559538" remote="3570545286" Dst="-1" /><file name="wob_chili.jpg" server="ftp.digworx.com/public_html/" local="3563801259" remote="3570545286" Dst="-1" /><file name="wob_fall_plates.jpg" server="ftp.digworx.com/public_html/" local="3563801281" remote="3570545287" Dst="-1" /><file name="wob_happy_aware.jpg" server="ftp.digworx.com/public_html/" local="3563801286" remote="3570545287" Dst="-1" /><file name="wob_happy_food.jpg" server="ftp.digworx.com/public_html/" local="3563801276" remote="3570545287" Dst="-1" /><file name="wob_happy_food_forward.jpg" server="ftp.digworx.com/public_html/" local="3563801268" remote="3570545288" Dst="-1" /><file name="wob_meatloaf.jpg" server="ftp.digworx.com/public_html/" local="3563801290" remote="3570545288" Dst="-1" /><file name="wob_pimento.jpg" server="ftp.digworx.com/public_html/" local="3563801295" remote="3570545288" Dst="-1" /><file name="wob_wings.jpg" server="ftp.digworx.com/public_html/" local="3563801207" remote="3570545289" Dst="-1" /><file name="digworx_logo_K.svg" server="ftp.digworx.com/public_html/" local="3570198922" remote="3570199217" Dst="-1" /><file name="digworx_down.svg" server="ftp.digworx.com/public_html/" local="3570547304" remote="3570547329" Dst="-1" /><file name="approach.svg" server="ftp.digworx.com/public_html/" local="3570550246" remote="3570550295" Dst="-1" /><file name="capabilities.svg" server="ftp.digworx.com/public_html/" local="3570550233" remote="3570550296" Dst="-1" /><file name="values.svg" server="ftp.digworx.com/public_html/" local="3570550211" remote="3570550296" Dst="-1" /><file name="fresh_banner.svg" server="ftp.digworx.com/public_html/" local="3571250869" remote="3571250978" Dst="-1" /><file name="newark_analyzers_sample.jpg" server="ftp.digworx.com/public_html/" local="3571099959" remote="3571100557" Dst="-1" /><file name="newark_scope_sample.jpg" server="ftp.digworx.com/public_html/" local="3571099428" remote="3571100558" Dst="-1" /><file name="awwwards_nominee_green_left.png" server="ftp.digworx.com/public_html/" local="3513614734" remote="3571100579" Dst="-1" /><file name="awwwards_nominee_green_left@2x.png" server="ftp.digworx.com/public_html/" local="3513614734" remote="3571100580" Dst="-1" /><file name="digitalworx.jpg" server="ftp.digworx.com/public_html/" local="3571257128" remote="3571257322" Dst="-1" /></dwsync>