<?xml version="1.0" encoding="utf-8" ?><dwsync><file name="work.html" server="ftp.digworx.com/public_html/digworx_2/" local="3567543324" remote="3567604857" Dst="-1" /><file name="work_wob.html" server="ftp.digworx.com/public_html/digworx_2/" local="3567604603" remote="3567604859" Dst="-1" /><file name="work_hd.html" server="ftp.digworx.com/public_html/digworx_2/" local="3567604169" remote="3567604859" Dst="-1" /><file name=".DS_Store" server="ftp.digworx.com/public_html/digworx_2/" local="3567603758" remote="3567604856" Dst="-1" /><file name="work_domitor.html" server="ftp.digworx.com/public_html/digworx_2/" local="3567604858" remote="3567604859" Dst="-1" /><file name=".DS_Store" server="ftp.digworx.com/public_html/" local="3570462315" remote="3570470918" Dst="-1" /><file name="work.html" server="ftp.digworx.com/public_html/" local="3572777363" remote="3572777367" Dst="-1" /><file name="work_apa.html" server="ftp.digworx.com/public_html/" local="3572954727" remote="3572954735" Dst="-1" /><file name="work_bci.html" server="ftp.digworx.com/public_html/" local="3572351699" remote="3572351718" Dst="-1" /><file name="work_converse.html" server="ftp.digworx.com/public_html/" local="3572351706" remote="3572351718" Dst="-1" /><file name="work_domitor.html" server="ftp.digworx.com/public_html/" local="3572351700" remote="3572351718" Dst="-1" /><file name="work_hd.html" server="ftp.digworx.com/public_html/" local="3572351700" remote="3572351719" Dst="-1" /><file name="work_hilton.html" server="ftp.digworx.com/public_html/" local="3572351700" remote="3572351719" Dst="-1" /><file name="work_iloveins.html" server="ftp.digworx.com/public_html/" local="3572351700" remote="3572351719" Dst="-1" /><file name="work_justrite.html" server="ftp.digworx.com/public_html/" local="3572351700" remote="3572351719" Dst="-1" /><file name="work_mdrt.html" server="ftp.digworx.com/public_html/" local="3572351700" remote="3572351720" Dst="-1" /><file name="work_newark.html" server="ftp.digworx.com/public_html/" local="3572351700" remote="3572351720" Dst="-1" /><file name="work_rt.html" server="ftp.digworx.com/public_html/" local="3572351700" remote="3572351720" Dst="-1" /><file name="work_wob.html" server="ftp.digworx.com/public_html/" local="3572351700" remote="3572351720" Dst="-1" /><file name="work.html" server="ftp.digitalworx.com/public_html/" local="3589372964" remote="3589373512" Dst="-1" /><file name="work_apa.html" server="ftp.digitalworx.com/public_html/" local="3589372964" remote="3589373512" Dst="-1" /><file name="work_bci.html" server="ftp.digitalworx.com/public_html/" local="3589372964" remote="3589373513" Dst="-1" /><file name="work_converse.html" server="ftp.digitalworx.com/public_html/" local="3589372964" remote="3589373513" Dst="-1" /><file name="work_domitor.html" server="ftp.digitalworx.com/public_html/" local="3589372964" remote="3589373513" Dst="-1" /><file name="work_hd.html" server="ftp.digitalworx.com/public_html/" local="3589372964" remote="3589373513" Dst="-1" /><file name="work_hilton.html" server="ftp.digitalworx.com/public_html/" local="3589372964" remote="3589373513" Dst="-1" /><file name="work_iloveins.html" server="ftp.digitalworx.com/public_html/" local="3589372964" remote="3589373514" Dst="-1" /><file name="work_justrite.html" server="ftp.digitalworx.com/public_html/" local="3589372964" remote="3589373514" Dst="-1" /><file name="work_mdrt.html" server="ftp.digitalworx.com/public_html/" local="3589372964" remote="3589373514" Dst="-1" /><file name="work_newark.html" server="ftp.digitalworx.com/public_html/" local="3589372964" remote="3589373514" Dst="-1" /><file name="work_rt.html" server="ftp.digitalworx.com/public_html/" local="3589372964" remote="3589373515" Dst="-1" /><file name="work_wob.html" server="ftp.digitalworx.com/public_html/" local="3589372964" remote="3589373515" Dst="-1" /><file name=".DS_Store" server="ftp.digitalworx.com/public_html/" local="3570462315" remote="3589373512" Dst="-1" /></dwsync>