<?xml version="1.0" encoding="utf-8" ?><dwsync><file name=".DS_Store" server="ftp.digworx.com/public_html/digworx_2/" local="3556723579" remote="3556725905" Dst="-1" /><file name="main.js" server="ftp.digworx.com/public_html/digworx_2/" local="3567534138" remote="3567604785" Dst="-1" /><file name="plugins.js" server="ftp.digworx.com/public_html/digworx_2/" local="3557861785" remote="3557951200" Dst="-1" /><file name="html5shiv.js" server="ftp.digworx.com/public_html/digworx_2/" local="3537884286" remote="3556287311" Dst="-1" /><file name="jquery.flexslider-min.js" server="ftp.digworx.com/public_html/digworx_2/" local="3556084940" remote="3556287312" Dst="-1" /><file name="jquery.flexslider.js" server="ftp.digworx.com/public_html/digworx_2/" local="3556571886" remote="3556576067" Dst="-1" /><file name="easings.js" server="ftp.digworx.com/public_html/digworx_2/" local="3556303484" remote="3556362333" Dst="-1" /><file name="jquery.waypoints.min.js" server="ftp.digworx.com/public_html/digworx_2/" local="3555750168" remote="3556725905" Dst="-1" /><file name=".DS_Store" server="ftp.digworx.com/public_html/" local="3569962624" remote="3570120677" Dst="-1" /><file name="easings.js" server="ftp.digworx.com/public_html/" local="3556303484" remote="3570120678" Dst="-1" /><file name="html5shiv.js" server="ftp.digworx.com/public_html/" local="3537884286" remote="3570120678" Dst="-1" /><file name="jquery.flexslider-min.js" server="ftp.digworx.com/public_html/" local="3556084940" remote="3570120678" Dst="-1" /><file name="jquery.flexslider.js" server="ftp.digworx.com/public_html/" local="3556571886" remote="3570120679" Dst="-1" /><file name="jquery.waypoints.min.js" server="ftp.digworx.com/public_html/" local="3555750168" remote="3570120679" Dst="-1" /><file name="main.js" server="ftp.digworx.com/public_html/" local="3569934491" remote="3570120679" Dst="-1" /><file name="plugins.js" server="ftp.digworx.com/public_html/" local="3557861785" remote="3570120679" Dst="-1" /></dwsync>